dimension,alex_conv_0,alex_conv_1,alex_conv_2,alex_conv_3,alex_conv_4,alex_fc_0,alex_fc_1,alex_fc_2
made of metal / artificial / hard,-1.3779807024493413,-1.371007404239716,-1.373166480794949,-1.3784146470939316,-1.3745991168706375,-2.272770734788859,-1.919381725305405,-1.6653599650211386
food-related / eating-related / kitchen-related,-0.3977252934772597,-0.3736521240567434,-0.39095784068153505,-0.36522555418719316,-0.36010788053076803,-0.6882331724553443,-0.8088281909221624,-0.6890680734138448
animal-related / organic,-0.3770232271958702,-0.3695201910308856,-0.3219736935950672,-0.3269385421650346,-0.3499618527619843,-0.6939067453599377,-0.634753225195493,-0.4641051515199597
clothing-related / fabric / covering,-0.41573478067406766,-0.4043779195733441,-0.41493489909091097,-0.4195862057243789,-0.41397359153210145,-0.7641424529561076,-0.6929584968574432,-0.5389824975898561
furniture-related / household-related / artifact,-0.5406434355599707,-0.5380753087666359,-0.5055291674672142,-0.5412195599245702,-0.5266255372457498,-0.8410846087329613,-0.771948710022853,-0.6208678990570566
plant-related / green,-0.37641605741678363,-0.32331582937498515,-0.13900797021364864,-0.1294878934667092,-0.13249507546420536,-0.6646745152951381,-0.4749565387723558,-0.47217470591878064
outdoors-related,-0.5140333711473708,-0.46597244270218785,-0.44557293772766293,-0.45538658274810784,-0.4792972873704957,-0.8754678173866157,-0.7351466875974189,-0.6365284899702857
transportation / motorized / dynamic,-0.3159541508192334,-0.2683834342451188,-0.31287039797212235,-0.2926219958152194,-0.2479780637242861,-0.6628268066220582,-0.5417167009680448,-0.3290454387896189
wood-related / brownish,-0.41166926981656116,-0.41440887820186445,-0.39634583539268986,-0.4003067097864461,-0.4079109311731397,-0.7744518325084766,-0.7374464838684596,-0.6440993275995763
body part-related,-0.31030436874850964,-0.3088886166705864,-0.3031223639674039,-0.30792705031630074,-0.2992489940575178,-0.6267486435377874,-0.536746029593842,-0.4301571855427706
colorful,-0.44498920622744875,-0.3623420625216476,-0.4423925200281418,-0.35404114147730015,-0.3619644913306932,-0.7244980713280769,-0.6604933079410198,-0.49193377529357374
valuable / special occasion-related,-0.45471983806814986,-0.43394073869414873,-0.44403841283243906,-0.42605833109547886,-0.41742862523132596,-0.8639418233309708,-0.7471882958708502,-0.6157664940321168
electronic / technology,-0.3415309596232101,-0.3344594613350069,-0.34204106297893033,-0.3399551751216494,-0.3265257017388721,-0.7427794287978007,-0.6142602570171001,-0.47413128083722156
sport-related / recreational activity-related,-0.4019209932470298,-0.397489455475986,-0.4031401636243743,-0.4005104886442248,-0.3907640570740776,-0.8644277808628822,-0.7464402817530467,-0.5476712825500074
disc-shaped / round,-0.3848038156675331,-0.3848178356227552,-0.3849576718505925,-0.38726766159384596,-0.38711337035420934,-0.7669834280518173,-0.6682070473302935,-0.5712989991557802
tool-related,-0.33691975224726334,-0.33879259311167265,-0.33023459668335486,-0.34163514823237273,-0.3418089595410587,-0.6734504699671322,-0.5812055906605851,-0.4767429733708244
many small things / course pattern,-0.38463400000003434,-0.2866087605668568,-0.3993717321389496,-0.2847023873919152,-0.300182240568851,-0.6768120289844148,-0.5928228382387621,-0.4735119094737583
paper-related / thin / flat / text-related,-0.34547429743803515,-0.3408135348621033,-0.3458232524096838,-0.3501645283127366,-0.35515135899116457,-0.7370343889683011,-0.6170925192247085,-0.47421401789493545
fluid-related / drink-related,-0.30747386583702063,-0.3064657407929343,-0.3077382710646941,-0.3034920482871355,-0.2921998921179154,-0.687532087389432,-0.6132873788013329,-0.4580040927111573
long / thin,-0.3540613749100321,-0.3569976777905899,-0.3500762316803401,-0.351596925466342,-0.34860347682400805,-0.6775372910934818,-0.606028031073278,-0.4819553012469602
water-related / blue,-0.2656890686407154,-0.24490393533634913,-0.24513155487923965,-0.2514368754148979,-0.25884431491991444,-0.6326654869020416,-0.4405440663632121,-0.3436362282752943
powdery / fine-scale pattern,-0.30876841488042905,-0.302734244294953,-0.25351802763660136,-0.25962971351810005,-0.29344279004152996,-0.5302289242117169,-0.5193922731639931,-0.41119659743278314
red,-0.21961902644336773,-0.06434152225111722,-0.23247976619133048,-0.1654635095142225,-0.14109382338416054,-0.3832765435455341,-0.4358734885070703,-0.20702355313047094
feminine (stereotypically) / decorative,-0.3104251734060246,-0.29908915788520396,-0.32158813673726283,-0.3145640519127104,-0.3161356029444504,-0.6582929420723371,-0.5728748469959069,-0.47148870416455435
bathroom-related / sanitary,-0.27460563518243575,-0.2721783495948302,-0.2340051967671013,-0.27038486841975606,-0.31067000994777993,-0.5711986867441474,-0.4973650815334587,-0.4539519193822761
black / noble,-0.3305992448499475,-0.33032497648552295,-0.3116046483400525,-0.31671324228186926,-0.25740485242233135,-0.7442862583318779,-0.6024085309256773,-0.3882085365502532
weapon / danger-related / violence,-0.24919050593713865,-0.25060970775479197,-0.24313150737639488,-0.24617606449566054,-0.2425776481395745,-0.6229121019257107,-0.5392754263630488,-0.4051898105774179
musical instrument-related / noise-related,-0.22210696037216815,-0.21514813269732147,-0.22199472998399927,-0.2192852495102855,-0.20125724551024549,-0.6086137870715795,-0.48221907793663865,-0.3278367988267257
sky-related / flying-related / floating-related,-0.2361001229064732,-0.22838502802769844,-0.22584422914020452,-0.23434034221292532,-0.1984056853475873,-0.5237066498416554,-0.41646037892499255,-0.2941982003009971
spherical / ellipsoid / rounded / voluminous,-0.22887194036362923,-0.2294039789316702,-0.22354591657296607,-0.22643837321923788,-0.21912454049695462,-0.5329322045564551,-0.484533957293555,-0.3529516948939877
repetitive,-0.2829051570381669,-0.24216384505472455,-0.22466723740539618,-0.23396161567977924,-0.2478184563135486,-0.5017665676683996,-0.46659395859354635,-0.3755818667219668
flat / patterned,-0.23784689393920933,-0.22352703286942743,-0.19636272390466503,-0.2091033818693504,-0.2239685147654562,-0.4388941523236429,-0.41235354682830105,-0.3438130200022993
white,-0.20278354330188364,-0.2042711424629189,-0.20956839649248837,-0.1966263796610701,-0.22559945904690992,-0.47344806298878717,-0.3434521676201785,-0.2720545766093587
thin / flat,-0.21698039899683907,-0.21069987754510744,-0.20424462180957037,-0.20765131720893049,-0.24832779510275294,-0.4765971617933149,-0.38092779565238577,-0.3540176721482591
disgusting / bugs,-0.18126281011232392,-0.17936228120020448,-0.17257875724339344,-0.17105850334082384,-0.17756299249622676,-0.4681709342610729,-0.3905717033705258,-0.29156091604891965
string-related,-0.21875119719013858,-0.22112117270250797,-0.2217260760031161,-0.22204750180587318,-0.2206909297022388,-0.5548454366251825,-0.4857465916053314,-0.3618926311716164
arms/legs/skin-related,-0.20624296468057546,-0.20688108066998456,-0.19391213629807447,-0.20145971362343662,-0.20381002876909848,-0.49188488410097886,-0.4042585955286164,-0.33303478259427854
shiny / transparent,-0.22678611628156853,-0.2266579425269275,-0.2245401276854404,-0.22634837655530138,-0.22430418222768478,-0.5353122572553297,-0.5066624241714368,-0.37062335447514694
construction-related / physical work-related,-0.24343482932894367,-0.24117623049773917,-0.24223223935958083,-0.24275425309666265,-0.24597616063805683,-0.6319023377009079,-0.5250078491366879,-0.40372471817953093
fire-related / heat-related,-0.18265723486636665,-0.1798117757290265,-0.18053480803672106,-0.18401647412877753,-0.1810952439373117,-0.5469463163909665,-0.45452168959801265,-0.3293545642286122
head-related / face-related,-0.19235167022274613,-0.1907715446055831,-0.18586410143949217,-0.19248609582899467,-0.18482011896596684,-0.47251005192156725,-0.3986264738516363,-0.3320550304430179
beams-related,-0.19128173989250508,-0.18420492781572229,-0.18616584124767233,-0.18750814153019157,-0.17329361612636696,-0.4818108079922967,-0.4128837555075977,-0.29516789909969665
seating-related / put things on top,-0.19415169283967515,-0.19060723196369156,-0.18753723527365307,-0.18812366968395478,-0.18328096130677474,-0.5323942329532756,-0.41628356475489414,-0.3368702608602179
container-related / hollow,-0.2140657310846592,-0.21448880743235654,-0.21475314642539112,-0.21757833784582514,-0.21387724195670899,-0.5303706955119474,-0.4804881647221433,-0.36908528646445493
child-related / toy-related,-0.16853601250385597,-0.1673110667760367,-0.167522815099711,-0.16503207934030284,-0.16868035390059233,-0.4666519988962399,-0.42548806892421553,-0.2930916815354523
medicine-related,-0.17165613847416594,-0.17119314236585548,-0.16567561801458952,-0.17173639610570235,-0.16917939469671062,-0.47437245970295217,-0.40087609812332214,-0.2993249863567662
has grating,-0.16110168587962415,-0.14080080845000587,-0.11828649720011897,-0.1295294077453375,-0.12618948354649606,-0.44060336815385326,-0.38927344190128776,-0.27969861673144103
handicraft-related,-0.19194801458648358,-0.19226585375413574,-0.19694039417041598,-0.19891435727804962,-0.19805171353442153,-0.49565464487426003,-0.40485430722318716,-0.34053404976755686
cylindrical / conical,-0.180386361173708,-0.17873474740514084,-0.18007951391059018,-0.17655506724446224,-0.1757930810253343,-0.5445918847219453,-0.43708699203134005,-0.32863753071571145
